record_id,title,authors,year,journal,language,study_design,population,outcome,time_anchor,doi,pmid,pmcid,arxiv_id,landing_url,source_databases,retrieved_at,screening_status,exclusion_reason,evidence_stream,relevance_score,quality_grade,verification_status,core25_flag,fulltext40_flag,first15_flag,legacy_seed_flag
R001,"Worsening of Chronic Heart Failure: Definition, Epidemiology, Management and Prevention. A Clinical Consensus Statement by the Heart Failure Association of the European Society of Cardiology","Metra, Marco; Tomasoni, Daniela; Adamo, Marianna; Bayes-Genis, Antoni; Filippatos, Gerasimos; Abdelhamid, Magdy; Adamopoulos, Stamatis; Anker, Stefan D.; Antohi, Laura; Böhm, Michael; Braunschweig, Frieder; Ben Gal, Tuvia; Butler, Javed; Cleland, John G.F.; Cohen-Solal, Alain; Damman, Kevin; Gustafsson, Finn; Hill, Loreena; Jankowska, Ewa A.; Lainscak, Mitja; Lund, Lars H.; McDonagh, Theresa; Mebazaa, Alexandre; Moura, Brenda; Mullens, Wilfried; Piepoli, Massimo; Ponikowski, Piotr; Rakisheva, Amina; Ristic, Arsen; Savarese, Gianluigi; Seferovic, Petar; Sharma, Rajan; Tocchetti, Carlo Gabriele; Yilmaz, Mehmet Birhan; Vitale, Cristiana; Volterrani, Maurizio; von Haehling, Stephan; Chioncel, Ovidiu; Coats, Andrew J.S.; Rosano, Giuseppe",2023,European Journal of Heart Failure,English,guideline/consensus,adult hospitalized acute/decompensated heart failure or worsening-heart-failure cohorts,"definition, timing, incidence, or prognosis of worsening heart failure",index AHF admission; in-hospital post-baseline worsening,10.1002/ejhf.2874,37208936,,,https://doi.org/10.1002/ejhf.2874,Crossref;Europe PMC;PubMed,2026-07-29T13:18:31+00:00,provisional_core25,,AHF_WHF_outcome_definition,9,A,verified_T1_dual,true,true,false,true
R002,"Worsening Heart Failure: Nomenclature, Epidemiology, and Future Directions","Greene, Stephen J.; Bauersachs, Johann; Brugts, Jasper J.; Ezekowitz, Justin A.; Lam, Carolyn S.P.; Lund, Lars H.; Ponikowski, Piotr; Voors, Adriaan A.; Zannad, Faiez; Zieroth, Shelley; Butler, Javed",2023,Journal of the American College of Cardiology,English,narrative/scoping review,adult hospitalized acute/decompensated heart failure or worsening-heart-failure cohorts,"definition, timing, incidence, or prognosis of worsening heart failure",index AHF admission; in-hospital post-baseline worsening,10.1016/j.jacc.2022.11.023,36697141,,,https://doi.org/10.1016/j.jacc.2022.11.023,Crossref;Europe PMC;PubMed,2026-07-29T13:18:31+00:00,provisional_core25,,AHF_WHF_outcome_definition,9,A-,verified_T1_dual,true,true,false,true
R003,"In-hospital worsening heart failure and associations with mortality, readmission, and healthcare utilization.",DeVore AD; Hammill BG; Sharma PP; Qualls LG; Mentz RJ; Waltman Johnson K; Fonarow GC; Curtis LH; Hernandez AF,2014,Journal of the American Heart Association,English,methodological study,adult hospitalized acute/decompensated heart failure or worsening-heart-failure cohorts,"definition, timing, incidence, or prognosis of worsening heart failure",index AHF admission; in-hospital post-baseline worsening,10.1161/jaha.114.001088,25015076,PMC4310402,,https://doi.org/10.1161/jaha.114.001088,Crossref;Europe PMC;PubMed,2026-07-29T13:18:31+00:00,provisional_core25,,AHF_WHF_outcome_definition,10,A-,verified_T1_dual,true,true,true,true
R004,Development and validation of a risk model for in-hospital worsening heart failure from the Acute Decompensated Heart Failure National Registry (ADHERE).,DeVore AD; Greiner MA; Sharma PP; Qualls LG; Schulte PJ; Cooper LB; Mentz RJ; Pang PS; Fonarow GC; Curtis LH; Hernandez AF,2016,American heart journal,English,prediction model development/validation,adult hospitalized acute/decompensated heart failure or worsening-heart-failure cohorts,in-hospital worsening heart failure / treatment intensification,index AHF admission; in-hospital post-baseline worsening,10.1016/j.ahj.2016.04.021,27502870,,,https://doi.org/10.1016/j.ahj.2016.04.021,Crossref;Europe PMC;PubMed,2026-07-29T13:18:31+00:00,provisional_core25,,AHF_WHF_outcome_definition,10,A-,verified_T1_dual,true,true,true,true
R005,A systematic review of in-hospital worsening heart failure as an endpoint in clinical investigations of therapy for acute heart failure.,Fonseca C; Maggioni AP; Marques F; Araújo I; Brás D; Langdon RB; Lombardi C; Bettencourt P,2018,International journal of cardiology,English,systematic review,adult hospitalized acute/decompensated heart failure or worsening-heart-failure cohorts,"definition, timing, incidence, or prognosis of worsening heart failure",index AHF admission; in-hospital post-baseline worsening,10.1016/j.ijcard.2017.10.023,29050923,,,https://doi.org/10.1016/j.ijcard.2017.10.023,Crossref;Europe PMC;PubMed,2026-07-29T13:18:31+00:00,provisional_core25,,AHF_WHF_outcome_definition,9,A,verified_T1_dual,true,true,false,false
R006,In-hospital worsening heart failure in patients admitted for acute heart failure.,Carubelli V; Cotter G; Davison B; Gishe J; Senger S; Bonadei I; Gorga E; Lazzarini V; Lombardi C; Metra M,2016,International journal of cardiology,English,methodological study,adult hospitalized acute/decompensated heart failure or worsening-heart-failure cohorts,"definition, timing, incidence, or prognosis of worsening heart failure",index AHF admission; in-hospital post-baseline worsening,10.1016/j.ijcard.2016.10.002,27756041,,,https://doi.org/10.1016/j.ijcard.2016.10.002,Crossref;Europe PMC;PubMed,2026-07-29T13:18:31+00:00,title_abstract_included_reserve,,AHF_WHF_outcome_definition,6,B-,verified_T1_dual,false,false,false,false
R007,"Early worsening heart failure in patients admitted for acute heart failure: time course, hemodynamic predictors, and outcome.",Torre-Amione G; Milo-Cotter O; Kaluski E; Perchenet L; Kobrin I; Frey A; Rund MM; Weatherley BD; Cotter G,2009,Journal of cardiac failure,English,randomized trial/secondary analysis,adult hospitalized acute/decompensated heart failure or worsening-heart-failure cohorts,in-hospital worsening heart failure / treatment intensification,repeated landmark/update times during hospitalization,10.1016/j.cardfail.2009.04.001,19786251,,,https://doi.org/10.1016/j.cardfail.2009.04.001,Crossref;Europe PMC;PubMed,2026-07-29T13:18:31+00:00,title_abstract_included_reserve,,AHF_WHF_outcome_definition,6,B,verified_T1_dual,false,false,false,false
R008,Implications of Using Different Definitions on Outcomes in Worsening Heart Failure.,Kelly JP; Cooper LB; Gallup D; Anstrom KJ; Chen HH; Redfield MM; O'Connor CM; Mentz RJ; Hernanadez AF; Felker GM,2016,Circulation. Heart failure,English,methodological study,adult hospitalized acute/decompensated heart failure or worsening-heart-failure cohorts,"definition, timing, incidence, or prognosis of worsening heart failure",index AHF admission; in-hospital post-baseline worsening,10.1161/circheartfailure.116.003048,27514750,PMC5139347,,https://doi.org/10.1161/circheartfailure.116.003048,Crossref;Europe PMC;PubMed,2026-07-29T13:18:31+00:00,fulltext40_priority,,AHF_WHF_outcome_definition,8,B-,verified_T1_dual,false,true,false,false
R009,Early vs. late worsening heart failure during acute heart failure hospitalization: insights from the PROTECT trial.,Mentz RJ; Metra M; Cotter G; Milo O; McKendry C; Chiswell K; Davison BA; Cleland JG; Bloomfield DM; Dittrich HC; Fiuzat M; Ponikowski P; Givertz MM; Voors AA; Teerlink JR; O'Connor CM,2015,European journal of heart failure,English,methodological study,adult hospitalized acute/decompensated heart failure or worsening-heart-failure cohorts,"definition, timing, incidence, or prognosis of worsening heart failure",during index AHF hospitalization; early versus late WHF,10.1002/ejhf.308,26083764,PMC5687792,,https://doi.org/10.1002/ejhf.308,Crossref;Europe PMC;PubMed,2026-07-29T13:18:31+00:00,fulltext40_priority,,AHF_WHF_outcome_definition,8,B-,verified_T1_dual,false,true,false,false
R010,Worsening heart failure during hospitalization for acute heart failure: Insights from the Acute Study of Clinical Effectiveness of Nesiritide in Decompensated Heart Failure (ASCEND-HF).,Kelly JP; Mentz RJ; Hasselblad V; Ezekowitz JA; Armstrong PW; Zannad F; Felker GM; Califf RM; O'Connor CM; Hernandez AF,2015,American heart journal,English,methodological study,adult hospitalized acute/decompensated heart failure or worsening-heart-failure cohorts,"definition, timing, incidence, or prognosis of worsening heart failure",index AHF admission; in-hospital post-baseline worsening,10.1016/j.ahj.2015.04.007,26299227,PMC4581586,,https://doi.org/10.1016/j.ahj.2015.04.007,Crossref;Europe PMC;PubMed,2026-07-29T13:18:31+00:00,title_abstract_included_reserve,,AHF_WHF_outcome_definition,6,B-,verified_T1_dual,false,false,false,false
R011,Worsening Heart Failure Following Admission for Acute Heart Failure: A Pooled Analysis of the PROTECT and RELAX-AHF Studies.,Davison BA; Metra M; Cotter G; Massie BM; Cleland JGF; Dittrich HC; Edwards C; Filippatos G; Givertz MM; Greenberg B; Ponikowski P; Voors AA; O'Connor CM; Teerlink JR; PROTECT and RELAX-AHF Executive Committees,2015,JACC. Heart failure,English,randomized trial/secondary analysis,adult hospitalized acute/decompensated heart failure or worsening-heart-failure cohorts,"definition, timing, incidence, or prognosis of worsening heart failure",index AHF admission; in-hospital post-baseline worsening,10.1016/j.jchf.2015.01.007,25951761,,,https://doi.org/10.1016/j.jchf.2015.01.007,Crossref;Europe PMC;PubMed,2026-07-29T13:18:31+00:00,fulltext40_priority,,AHF_WHF_outcome_definition,8,B,verified_T1_dual,false,true,false,false
R012,"Worsening heart failure, a critical event during hospital admission for acute heart failure: results from the VERITAS study.",Cotter G; Metra M; Davison BA; Senger S; Bourge RC; Cleland JG; Jondeau G; Krum H; O'Connor CM; Parker JD; Torre-Amione G; van Veldhuisen DJ; Milo O; Kobrin I; Rainisio M; McMurray JJ; Teerlink JR; VERITAS Investigators,2014,European journal of heart failure,English,randomized trial/secondary analysis,adult hospitalized acute/decompensated heart failure or worsening-heart-failure cohorts,"definition, timing, incidence, or prognosis of worsening heart failure",index AHF admission; in-hospital post-baseline worsening,10.1002/ejhf.186,25371147,,,https://doi.org/10.1002/ejhf.186,Crossref;Europe PMC;PubMed,2026-07-29T13:18:31+00:00,title_abstract_included_reserve,,AHF_WHF_outcome_definition,6,B,verified_T1_dual,false,false,false,false
R013,In-hospital worsening heart failure: a clinically relevant endpoint?,Clark AL; Cherif M; McDonagh TA; Squire IB,2018,ESC heart failure,English,narrative/scoping review,adult hospitalized acute/decompensated heart failure or worsening-heart-failure cohorts,"definition, timing, incidence, or prognosis of worsening heart failure",index AHF admission; in-hospital post-baseline worsening,10.1002/ehf2.12195,29385659,PMC5793965,,https://doi.org/10.1002/ehf2.12195,Crossref;Europe PMC;PubMed,2026-07-29T13:18:31+00:00,title_abstract_included_reserve,,AHF_WHF_outcome_definition,6,B-,verified_T1_dual,false,false,false,false
R014,Worsening heart failure in 'real-world' clinical practice: predictors and prognostic impact.,AlFaleh H; Elasfar AA; Ullah A; AlHabib KF; Hersi A; Mimish L; Almasood A; Al Ghamdi S; Ghabashi A; Malik A; Hussein GA; Al-Murayeh M; Abuosa A; Al Habeeb W; Kashour T,2017,European journal of heart failure,English,prospective cohort,adult hospitalized acute/decompensated heart failure or worsening-heart-failure cohorts,in-hospital worsening heart failure / treatment intensification,index AHF admission; in-hospital post-baseline worsening,10.1002/ejhf.515,27071748,,,https://doi.org/10.1002/ejhf.515,Crossref;Europe PMC;PubMed,2026-07-29T13:18:31+00:00,fulltext40_priority,,AHF_WHF_outcome_definition,8,B,verified_T1_dual,false,true,false,false
R015,Differences in health care use and outcomes by the timing of in-hospital worsening heart failure.,Cooper LB; Hammill BG; Sharma PP; DeVore AD; Mentz RJ; Fonarow GC; Pang PS; Curtis LH; Hernandez AF,2015,American heart journal,English,methodological study,adult hospitalized acute/decompensated heart failure or worsening-heart-failure cohorts,"definition, timing, incidence, or prognosis of worsening heart failure",index AHF admission; in-hospital post-baseline worsening,10.1016/j.ahj.2015.09.001,26678634,PMC4684593,,https://doi.org/10.1016/j.ahj.2015.09.001,Crossref;Europe PMC;PubMed,2026-07-29T13:18:31+00:00,title_abstract_included_reserve,,AHF_WHF_outcome_definition,6,B-,verified_T1_dual,false,false,false,false
R016,In-hospital worsening heart failure.,Butler J; Gheorghiade M; Kelkar A; Fonarow GC; Anker S; Greene SJ; Papadimitriou L; Collins S; Ruschitzka F; Yancy CW; Teerlink JR; Adams K; Cotter G; Ponikowski P; Felker GM; Metra M; Filippatos G,2015,European journal of heart failure,English,clinical observational/methodological article,adult hospitalized acute/decompensated heart failure or worsening-heart-failure cohorts,"definition, timing, incidence, or prognosis of worsening heart failure",index AHF admission; in-hospital post-baseline worsening,10.1002/ejhf.333,26235192,,,https://doi.org/10.1002/ejhf.333,Crossref;Europe PMC;PubMed,2026-07-29T13:18:31+00:00,title_abstract_included_reserve,,AHF_WHF_outcome_definition,6,B-,verified_T1_dual,false,false,false,false
R017,The Impact of Worsening Heart Failure in the United States.,Cooper LB; DeVore AD; Michael Felker G,2015,Heart failure clinics,English,prediction model development/validation,adult hospitalized acute/decompensated heart failure or worsening-heart-failure cohorts,"definition, timing, incidence, or prognosis of worsening heart failure",index AHF admission; in-hospital post-baseline worsening,10.1016/j.hfc.2015.07.004,26462100,PMC4607925,,https://doi.org/10.1016/j.hfc.2015.07.004,Crossref;Europe PMC;PubMed,2026-07-29T13:18:31+00:00,title_abstract_included_reserve,,AHF_WHF_outcome_definition,6,B,verified_T1_dual,false,false,false,false
R018,Use of the ADHERE Risk Model as a Predictor of Risk of in-Hospital Worsening Heart Failure in a Cohort.,Bernardes DS; Santos MS; Mantovani VM; Almeida Neto OP; Goldraich LA; Clausell N; Rabelo-Silva ER,2023,Arquivos brasileiros de cardiologia,English,retrospective cohort,adult hospitalized acute/decompensated heart failure or worsening-heart-failure cohorts,in-hospital worsening heart failure / treatment intensification,index AHF admission; in-hospital post-baseline worsening,10.36660/abc.20220584,37672471,PMC10519228,,https://doi.org/10.36660/abc.20220584,Crossref;Europe PMC;PubMed,2026-07-29T13:18:31+00:00,title_abstract_included_reserve,,AHF_WHF_outcome_definition,6,B,verified_T1_dual,false,false,false,false
R019,Prediction of cardiac worsening through to cardiogenic shock in patients with acute heart failure.,Beer BN; Kellner C; Sundermeyer J; Besch L; Dettling A; Kirchhof P; Blankenberg S; Magnussen C; Schrage B,2024,ESC heart failure,English,prospective cohort,adult acute heart failure and/or cardiac intensive care/cardiogenic shock cohorts,incident/progressive cardiogenic shock or low-cardiac-output deterioration,hospital/CICU admission preceding incident or progressive shock,10.1002/ehf2.14792,38632837,PMC11287305,,https://doi.org/10.1002/ehf2.14792,Crossref;Europe PMC;PubMed,2026-07-29T13:18:31+00:00,provisional_core25,,AHF_to_cardiogenic_shock,10,A-,verified_T1_dual,true,true,true,true
R020,Development and external validation of a dynamic risk score for early prediction of cardiogenic shock in cardiac intensive care units using machine learning.,Hu Y; Lui A; Goldstein M; Sudarshan M; Tinsay A; Tsui C; Maidman SD; Medamana J; Jethani N; Puli A; Nguy V; Aphinyanaphongs Y; Kiefer N; Smilowitz NR; Horowitz J; Ahuja T; Fishman GI; Hochman J; Katz S; Bernard S; Ranganath R,2024,European heart journal. Acute cardiovascular care,English,prediction model development/validation,adult acute heart failure and/or cardiac intensive care/cardiogenic shock cohorts,incident/progressive cardiogenic shock or low-cardiac-output deterioration,repeated landmark/update times during hospitalization,10.1093/ehjacc/zuae037,38518758,PMC11214586,,https://doi.org/10.1093/ehjacc/zuae037,Crossref;Europe PMC;PubMed,2026-07-29T13:18:31+00:00,provisional_core25,,AHF_to_cardiogenic_shock,10,A-,verified_T1_dual,true,true,true,true
R021,Using Machine Learning for Early Prediction of Cardiogenic Shock in Patients With Acute Heart Failure.,Rahman F; Finkelstein N; Alyakin A; Gilotra NA; Trost J; Schulman SP; Saria S,2022,Journal of the Society for Cardiovascular Angiography & Interventions,English,narrative/scoping review,adult acute heart failure and/or cardiac intensive care/cardiogenic shock cohorts,incident/progressive cardiogenic shock or low-cardiac-output deterioration,hospital/CICU admission preceding incident or progressive shock,10.1016/j.jscai.2022.100308,39131966,PMC11307874,,https://doi.org/10.1016/j.jscai.2022.100308,Crossref;Europe PMC;PubMed,2026-07-29T13:18:31+00:00,provisional_core25,,AHF_to_cardiogenic_shock,10,A-,verified_T1_dual,true,true,true,true
R022,Early Prediction of Cardiogenic Shock Using Machine Learning,"Chang, Yale; Antonescu, Corneliu; Ravindranath, Shreyas; Dong, Junzi; Lu, Mingyu; Vicario, Francesco; Wondrely, Lisa; Thompson, Pam; Swearingen, Dennis; Acharya, Deepak",2022,Frontiers in Cardiovascular Medicine,English,retrospective cohort,adult acute heart failure and/or cardiac intensive care/cardiogenic shock cohorts,incident/progressive cardiogenic shock or low-cardiac-output deterioration,hospital/CICU admission preceding incident or progressive shock,10.3389/fcvm.2022.862424,35911549,PMC9326048,,https://doi.org/10.3389/fcvm.2022.862424,Crossref;Europe PMC;PubMed,2026-07-29T13:18:31+00:00,provisional_core25,,AHF_to_cardiogenic_shock,10,A-,verified_T1_dual,true,true,true,true
R023,Predictors of Progression to Low Cardiac Output or Cardiogenic Shock in Patients Hospitalized for Acute Heart Failure.,Baro Vila R; Burgos LM; Ballari F; de Bortoli MA; Diez M,2026,The American journal of cardiology,English,prospective cohort,adult acute heart failure and/or cardiac intensive care/cardiogenic shock cohorts,incident/progressive cardiogenic shock or low-cardiac-output deterioration,hospital/CICU admission preceding incident or progressive shock,10.1016/j.amjcard.2026.03.076,42019741,,,https://doi.org/10.1016/j.amjcard.2026.03.076,Crossref;Europe PMC;PubMed,2026-07-29T13:18:31+00:00,provisional_core25,,AHF_to_cardiogenic_shock,9,A-,verified_T1_dual,true,true,false,false
R024,Artificial Intelligence in the Early Prediction of Cardiogenic Shock in Acute Heart Failure or Myocardial Infarction Patients: A Systematic Review and Meta-Analysis.,Popat A; Yadav S; Patel SK; Baddevolu S; Adusumilli S; Rao Dasari N; Sundarasetty M; Anand S; Sankar J; Jagtap YG,2023,Cureus,English,systematic review,adult acute heart failure and/or cardiac intensive care/cardiogenic shock cohorts,incident/progressive cardiogenic shock or low-cardiac-output deterioration,hospital/CICU admission preceding incident or progressive shock,10.7759/cureus.50395,38213372,PMC10783597,,https://doi.org/10.7759/cureus.50395,Crossref;Europe PMC;PubMed,2026-07-29T13:18:31+00:00,fulltext40_priority,,AHF_to_cardiogenic_shock,8,A,verified_T1_dual,false,true,false,false
R025,SCAI Cardiogenic Shock Classification for Predicting In-Hospital and Long-Term Mortality in Acute Heart Failure.,Burgos LM; Baro Vila RC; Botto F; Diez M,2022,Journal of the Society for Cardiovascular Angiography & Interventions,English,prospective cohort,adult acute heart failure and/or cardiac intensive care/cardiogenic shock cohorts,cardiogenic shock severity/outcomes (supporting phenotype evidence),hospital/CICU admission preceding incident or progressive shock,10.1016/j.jscai.2022.100496,39132349,PMC11307609,,https://doi.org/10.1016/j.jscai.2022.100496,Crossref;Europe PMC;PubMed,2026-07-29T13:18:31+00:00,provisional_core25,,AHF_to_cardiogenic_shock,9,A-,verified_T1_dual,true,true,false,false
R026,Machine Learning for Prediction of Outcomes in Cardiogenic Shock.,Rong F; Xiang H; Qian L; Xue Y; Ji K; Yin R,2022,Frontiers in cardiovascular medicine,English,prediction model development/validation,adult acute heart failure and/or cardiac intensive care/cardiogenic shock cohorts,cardiogenic shock severity/outcomes (supporting phenotype evidence),hospital/CICU admission preceding incident or progressive shock,10.3389/fcvm.2022.849688,35600489,PMC9120613,,https://doi.org/10.3389/fcvm.2022.849688,Crossref;Europe PMC;PubMed,2026-07-29T13:18:31+00:00,fulltext40_priority,,AHF_to_cardiogenic_shock,8,B,verified_T1_dual,false,true,false,false
R027,Predicting survival in patients with acute decompensated heart failure complicated by cardiogenic shock.,Morici N; Viola G; Antolini L; Alicandro G; Dal Martello M; Sacco A; Bottiroli M; Pappalardo F; Villanova L; De Ponti L; La Vecchia C; Frigerio M; Oliva F; Fried J; Colombo P; Garan AR,2021,International journal of cardiology. Heart & vasculature,English,observational cohort,adult acute heart failure and/or cardiac intensive care/cardiogenic shock cohorts,cardiogenic shock severity/outcomes (supporting phenotype evidence),hospital/CICU admission preceding incident or progressive shock,10.1016/j.ijcha.2021.100809,34141863,PMC8188054,,https://doi.org/10.1016/j.ijcha.2021.100809,Crossref;Europe PMC;PubMed,2026-07-29T13:18:31+00:00,title_abstract_included_reserve,,AHF_to_cardiogenic_shock,6,B,verified_T1_dual,false,false,false,false
R028,Cardiogenic Shock Classification to Predict Mortality in the Cardiac Intensive Care Unit.,Jentzer JC; van Diepen S; Barsness GW; Henry TD; Menon V; Rihal CS; Naidu SS; Baran DA,2019,Journal of the American College of Cardiology,English,retrospective cohort,adult acute heart failure and/or cardiac intensive care/cardiogenic shock cohorts,cardiogenic shock severity/outcomes (supporting phenotype evidence),hospital/CICU admission preceding incident or progressive shock,10.1016/j.jacc.2019.07.077,31548097,,,https://doi.org/10.1016/j.jacc.2019.07.077,Crossref;Europe PMC;PubMed,2026-07-29T13:18:31+00:00,provisional_core25,,AHF_to_cardiogenic_shock,9,A-,verified_T1_dual,true,true,false,false
R029,Shock in the cardiac intensive care unit: Changes in epidemiology and prognosis over time.,Jentzer JC; Ahmed AM; Vallabhajosyula S; Burstein B; Tabi M; Barsness GW; Murphy JG; Best PJ; Bell MR,2021,American heart journal,English,methodological study,adult acute heart failure and/or cardiac intensive care/cardiogenic shock cohorts,incident/progressive cardiogenic shock or low-cardiac-output deterioration,hospital/CICU admission preceding incident or progressive shock,10.1016/j.ahj.2020.10.054,33257304,,,https://doi.org/10.1016/j.ahj.2020.10.054,Crossref;Europe PMC;PubMed,2026-07-29T13:18:31+00:00,fulltext40_priority,,AHF_to_cardiogenic_shock,8,B-,verified_T1_dual,false,true,false,false
R030,Acute heart failure and cardiogenic shock: a multidisciplinary practical guidance.,Mebazaa A; Tolppanen H; Mueller C; Lassus J; DiSomma S; Baksyte G; Cecconi M; Choi DJ; Cohen Solal A; Christ M; Masip J; Arrigo M; Nouira S; Ojji D; Peacock F; Richards M; Sato N; Sliwa K; Spinar J; Thiele H; Yilmaz MB; Januzzi J,2016,Intensive care medicine,English,guideline/consensus,adult acute heart failure and/or cardiac intensive care/cardiogenic shock cohorts,incident/progressive cardiogenic shock or low-cardiac-output deterioration,hospital/CICU admission preceding incident or progressive shock,10.1007/s00134-015-4041-5,26370690,,,https://doi.org/10.1007/s00134-015-4041-5,Crossref;Europe PMC;PubMed,2026-07-29T13:18:31+00:00,title_abstract_included_reserve,,AHF_to_cardiogenic_shock,6,A,verified_T1_dual,false,false,false,false
R031,Contemporary Management of Cardiogenic Shock: A Scientific Statement From the American Heart Association,van Diepen S; Katz JN; Albert NM; Henry TD; Jacobs AK; Kapur NK; Kilic A; Menon V; Ohman EM; Sweitzer NK; Thiele H; Washam JB; Cohen MG; American Heart Association Council on Clinical Cardiology; Council on Cardiovascular and Stroke Nursing; Council on Quality of Care and Outcomes Research; and Mission: Lifeline,2017,Circulation,English,guideline/consensus,adult acute heart failure and/or cardiac intensive care/cardiogenic shock cohorts,incident/progressive cardiogenic shock or low-cardiac-output deterioration,hospital/CICU admission preceding incident or progressive shock,10.1161/cir.0000000000000525,28923988,,,https://doi.org/10.1161/cir.0000000000000525,Crossref;Europe PMC;PubMed,2026-07-29T13:18:31+00:00,title_abstract_included_reserve,,AHF_to_cardiogenic_shock,6,A,verified_T1_dual,false,false,false,false
R032,SCAI clinical expert consensus statement on the classification of cardiogenic shock,"Baran, David A.; Grines, Cindy L.; Bailey, Steven; Burkhoff, Daniel; Hall, Shelley A.; Henry, Timothy D.; Hollenberg, Steven M.; Kapur, Navin K.; O'Neill, William; Ornato, Joseph P.; Stelling, Kelly; Thiele, Holger; van Diepen, Sean; Naidu, Srihari S.",2019,Catheterization and Cardiovascular Interventions,English,guideline/consensus,adult acute heart failure and/or cardiac intensive care/cardiogenic shock cohorts,incident/progressive cardiogenic shock or low-cardiac-output deterioration,hospital/CICU admission preceding incident or progressive shock,10.1002/ccd.28329,31104355,,,https://doi.org/10.1002/ccd.28329,Crossref;Europe PMC;PubMed,2026-07-29T13:18:31+00:00,fulltext40_priority,,AHF_to_cardiogenic_shock,8,A,verified_T1_dual,false,true,false,false
R033,Optimized Risk Score to Predict Mortality in Patients With Cardiogenic Shock in the Cardiac Intensive Care Unit.,Yamga E; Mantena S; Rosen D; Bucholz EM; Yeh RW; Celi LA; Ustun B; Butala NM,2023,Journal of the American Heart Association,English,prediction model development/validation,adult acute heart failure and/or cardiac intensive care/cardiogenic shock cohorts,cardiogenic shock severity/outcomes (supporting phenotype evidence),hospital/CICU admission preceding incident or progressive shock,10.1161/jaha.122.029232,37345819,PMC10356069,,https://doi.org/10.1161/jaha.122.029232,Crossref;Europe PMC;PubMed,2026-07-29T13:18:31+00:00,title_abstract_included_reserve,,AHF_to_cardiogenic_shock,6,B,verified_T1_dual,false,false,false,false
R034,COMPARISON OF THE PREDICTIVE PERFORMANCE OF CARDIOGENIC SHOCK SCORES IN A REAL-WORLD LATIN AMERICA COUNTRY.,Ortega-Hernández J; González-Pacheco H; Gopar-Nieto R; Araiza-Garaygordobil D; Sierra Lara-Martínez D; Briseño De La Cruz JL; Mendoza-García S; Altamirano-Castillo A; Montañez-Orozco Á; Baeza-Herrera LA; Hernández-Montfort J; Aguilar-Montaño KM; Soliz Uriona LA; Meza López JÁF; Lizano Loría CA; Arias-Mendoza A,2023,"Shock (Augusta, Ga.)",English,guideline/consensus,adult acute heart failure and/or cardiac intensive care/cardiogenic shock cohorts,incident/progressive cardiogenic shock or low-cardiac-output deterioration,hospital/CICU admission preceding incident or progressive shock,10.1097/shk.0000000000002091,36821419,,,https://doi.org/10.1097/shk.0000000000002091,Crossref;Europe PMC;PubMed,2026-07-29T13:18:31+00:00,title_abstract_included_reserve,,AHF_to_cardiogenic_shock,6,A,verified_T1_dual,false,false,false,false
R035,Machine Learning Approaches for Phenotyping in Cardiogenic Shock and Critical Illness: Part 2 of 2.,Jentzer JC; Rayfield C; Soussi S; Berg DD; Kennedy JN; Sinha SS; Baran DA; Brant E; Mebazaa A; Billia F; Kapur NK; Henry TD; Lawler PR,2022,JACC. Advances,English,narrative/scoping review,adult acute heart failure and/or cardiac intensive care/cardiogenic shock cohorts,incident/progressive cardiogenic shock or low-cardiac-output deterioration,hospital/CICU admission preceding incident or progressive shock,10.1016/j.jacadv.2022.100126,38939698,PMC11198618,,https://doi.org/10.1016/j.jacadv.2022.100126,Crossref;Europe PMC;PubMed,2026-07-29T13:18:31+00:00,title_abstract_included_reserve,,AHF_to_cardiogenic_shock,6,B-,verified_T1_dual,false,false,false,false
R036,Supervised machine learning including environmental factors to predict in-hospital outcomes in acute heart failure patients.,Sibilia B; Toupin S; Bouali N; Brette JB; Ramonatxo A; Schurtz G; Hamzi K; Trimaille A; Gall E; Piliero N; Unger A; Andrieu S; Gonçalves T; Picard F; Roule V; Roubille F; Houssany-Pissot S; Bouchot O; Aboyans V; Vasram RR; Bochaton T; Logeart D; Solal AC; Cartailler J; Mebazaa A; Dillinger JG; Henry P; Pezel T,2025,European heart journal. Digital health,English,prospective cohort,adult acute heart failure and/or cardiac intensive care/cardiogenic shock cohorts,cardiogenic shock severity/outcomes (supporting phenotype evidence),hospital/CICU admission preceding incident or progressive shock,10.1093/ehjdh/ztae094,40110211,PMC11914725,,https://doi.org/10.1093/ehjdh/ztae094,Crossref;Europe PMC;PubMed,2026-07-29T13:18:31+00:00,title_abstract_included_reserve,,AHF_to_cardiogenic_shock,6,B,verified_T1_dual,false,false,false,false
R037,Survival prediction for heart failure complicated by sepsis: based on machine learning methods,"Zhang, Qitian; Xu, Lizhen; He, Weibin; Lai, Xinqi; Huang, Xiaohong",2024,Frontiers in Medicine,English,prediction model development/validation,adult heart failure with sepsis/septic shock or mixed septic-cardiogenic physiology,"short-term mortality, shock severity, or mixed septic-cardiogenic outcomes",sepsis/ICU presentation and early resuscitation period,10.3389/fmed.2024.1410702,39421876,PMC11484001,,https://doi.org/10.3389/fmed.2024.1410702,Crossref;Europe PMC;PubMed,2026-07-29T13:18:31+00:00,provisional_core25,,HF_sepsis_mixed_physiology,10,A-,verified_T1_dual,true,true,true,true
R038,Shock Severity Assessment in Cardiac Intensive Care Unit Patients With Sepsis and Mixed Septic-Cardiogenic Shock.,Jentzer JC; van Diepen S; Hollenberg SM; Lawler PR; Kashani KB,2022,"Mayo Clinic proceedings. Innovations, quality & outcomes",English,observational cohort,adult heart failure with sepsis/septic shock or mixed septic-cardiogenic physiology,"short-term mortality, shock severity, or mixed septic-cardiogenic outcomes",sepsis/ICU presentation and early resuscitation period,10.1016/j.mayocpiqo.2021.11.008,35005436,PMC8715298,,https://doi.org/10.1016/j.mayocpiqo.2021.11.008,Crossref;Europe PMC;PubMed,2026-07-29T13:18:31+00:00,provisional_core25,,HF_sepsis_mixed_physiology,10,A-,verified_T1_dual,true,true,true,false
R039,Assessment of Outcomes in Patients with Heart Failure and End-Stage Kidney Disease after Fluid Resuscitation for Sepsis and Septic Shock.,Herndon JM; Blackwell SB; Pinner N; Achey TS; Holder HB; Tidwell C,2024,The Journal of emergency medicine,English,guideline/consensus,adult heart failure with sepsis/septic shock or mixed septic-cardiogenic physiology,fluid exposure/balance and mortality or shock outcomes,sepsis/ICU presentation and early resuscitation period,10.1016/j.jemermed.2024.02.001,38777707,,,https://doi.org/10.1016/j.jemermed.2024.02.001,Crossref;Europe PMC;PubMed,2026-07-29T13:18:31+00:00,fulltext40_priority,,HF_sepsis_mixed_physiology,8,A,verified_T1_dual,false,true,false,false
R040,Fluid resuscitation and outcomes in heart failure patients with severe sepsis or septic shock: A retrospective case-control study.,Acharya R; Patel A; Schultz E; Bourgeois M; Kandinata N; Paswan R; Kafle S; Sedhai YR; Younus U,2021,PloS one,English,retrospective cohort,adult heart failure with sepsis/septic shock or mixed septic-cardiogenic physiology,fluid exposure/balance and mortality or shock outcomes,sepsis/ICU presentation and early resuscitation period,10.1371/journal.pone.0256368,34411178,PMC8376054,,https://doi.org/10.1371/journal.pone.0256368,Crossref;Europe PMC;PubMed,2026-07-29T13:18:31+00:00,provisional_core25,,HF_sepsis_mixed_physiology,10,A-,verified_T1_dual,true,true,true,false
R041,Sepsis and septic shock outcomes and 90-day readmissions in heart failure with reduced ejection fraction: A national readmission database study.,Mohamoud A; Abdallah N; Wardhere A; Teeri S; Ismayl M,2024,Current problems in cardiology,English,retrospective cohort,adult heart failure with sepsis/septic shock or mixed septic-cardiogenic physiology,"short-term mortality, shock severity, or mixed septic-cardiogenic outcomes",sepsis/ICU presentation and early resuscitation period,10.1016/j.cpcardiol.2024.102696,38852912,,,https://doi.org/10.1016/j.cpcardiol.2024.102696,Crossref;Europe PMC;PubMed,2026-07-29T13:18:31+00:00,title_abstract_included_reserve,,HF_sepsis_mixed_physiology,6,B,verified_T1_dual,false,false,false,false
R042,Evaluation and Predictors of Fluid Resuscitation in Patients With Severe Sepsis and Septic Shock.,Kuttab HI; Lykins JD; Hughes MD; Wroblewski K; Keast EP; Kukoyi O; Kopec JA; Hall S; Ward MA,2019,Critical care medicine,English,guideline/consensus,adult heart failure with sepsis/septic shock or mixed septic-cardiogenic physiology,fluid exposure/balance and mortality or shock outcomes,sepsis/ICU presentation and early resuscitation period,10.1097/ccm.0000000000003960,31393324,PMC8096207,,https://doi.org/10.1097/ccm.0000000000003960,Crossref;Europe PMC;PubMed,2026-07-29T13:18:31+00:00,title_abstract_included_reserve,,HF_sepsis_mixed_physiology,6,A,verified_T1_dual,false,false,false,false
R043,Impact of initial fluid resuscitation volume on clinical outcomes in patients with heart failure and septic shock.,Wiss AL; Doepker BA; Hoyte B; Olson LM; Disney KA; McLaughlin EM; Esguerra V; Elefritz JL,2023,Journal of intensive medicine,English,retrospective cohort,adult heart failure with sepsis/septic shock or mixed septic-cardiogenic physiology,fluid exposure/balance and mortality or shock outcomes,sepsis/ICU presentation and early resuscitation period,10.1016/j.jointm.2023.05.001,37533810,PMC10391556,,https://doi.org/10.1016/j.jointm.2023.05.001,Crossref;Europe PMC;PubMed,2026-07-29T13:18:31+00:00,fulltext40_priority,,HF_sepsis_mixed_physiology,8,B,verified_T1_dual,false,true,false,false
R044,Time-Dependent Fluid Accumulation Index for Phase-Specific Risk Stratification in Septic Shock with Heart Failure.,Liu QF; Ge L; Yao D; Huang XM; Li GC; Gong NJ,2026,Current medical science,English,methodological study,adult heart failure with sepsis/septic shock or mixed septic-cardiogenic physiology,fluid exposure/balance and mortality or shock outcomes,repeated/time-dependent measurements during ICU stay,10.1007/s11596-025-00138-9,41511737,,,https://doi.org/10.1007/s11596-025-00138-9,Crossref;Europe PMC;PubMed,2026-07-29T13:18:31+00:00,title_abstract_included_reserve,,HF_sepsis_mixed_physiology,6,B-,verified_T1_dual,false,false,false,false
R045,Association between fluid balance and mortality for heart failure and sepsis: a propensity score-matching analysis.,Zhang B; Guo S; Fu Z; Wu N; Liu Z,2022,BMC anesthesiology,English,methodological study,adult heart failure with sepsis/septic shock or mixed septic-cardiogenic physiology,fluid exposure/balance and mortality or shock outcomes,sepsis/ICU presentation and early resuscitation period,10.1186/s12871-022-01865-5,36273128,PMC9587660,,https://doi.org/10.1186/s12871-022-01865-5,Crossref;Europe PMC;PubMed,2026-07-29T13:18:31+00:00,fulltext40_priority,,HF_sepsis_mixed_physiology,8,B-,verified_T1_dual,false,true,false,false
R046,Association Between Preexisting Heart Failure With Reduced Ejection Fraction and Fluid Administration Among Patients With Sepsis.,Powell RE; Kennedy JN; Senussi MH; Barbash IJ; Seymour CW,2022,JAMA network open,English,guideline/consensus,adult heart failure with sepsis/septic shock or mixed septic-cardiogenic physiology,fluid exposure/balance and mortality or shock outcomes,sepsis/ICU presentation and early resuscitation period,10.1001/jamanetworkopen.2022.35331,36205995,PMC9547322,,https://doi.org/10.1001/jamanetworkopen.2022.35331,Crossref;Europe PMC;PubMed,2026-07-29T13:18:31+00:00,provisional_core25,,HF_sepsis_mixed_physiology,9,A,verified_T1_dual,true,true,false,false
R047,Association of Fluid Management With Mortality of Sepsis Patients With Congestive Heart Failure: A Retrospective Cohort Study.,Dong N; Gao N; Hu W; Mu Y; Pang L,2022,Frontiers in medicine,English,retrospective cohort,adult heart failure with sepsis/septic shock or mixed septic-cardiogenic physiology,fluid exposure/balance and mortality or shock outcomes,sepsis/ICU presentation and early resuscitation period,10.3389/fmed.2022.714384,35308491,PMC8924446,,https://doi.org/10.3389/fmed.2022.714384,Crossref;Europe PMC;PubMed,2026-07-29T13:18:31+00:00,title_abstract_included_reserve,,HF_sepsis_mixed_physiology,6,B,verified_T1_dual,false,false,false,false
R048,Development and validation of a nomogram to predict survival in septic patients with heart failure in the intensive care unit.,Tong T; Guo Y; Wang Q; Sun X; Sun Z; Yang Y; Zhang X; Yao K,2025,Scientific reports,English,prediction model development/validation,adult heart failure with sepsis/septic shock or mixed septic-cardiogenic physiology,"short-term mortality, shock severity, or mixed septic-cardiogenic outcomes",sepsis/ICU presentation and early resuscitation period,10.1038/s41598-025-85596-w,39762511,PMC11704260,,https://doi.org/10.1038/s41598-025-85596-w,Crossref;Europe PMC;PubMed,2026-07-29T13:18:31+00:00,title_abstract_included_reserve,,HF_sepsis_mixed_physiology,6,B,verified_T1_dual,false,false,false,false
R049,Optimal fluid resuscitation targets in septic patients with acutely decompensated heart failure.,Weng J; Xu Z; Song J; Liu C; Jin H; Cheng Q; Zhou X; He D; Yang J; Lin J; Wang L; Chen C; Wang Z,2024,BMC medicine,English,randomized trial/secondary analysis,adult heart failure with sepsis/septic shock or mixed septic-cardiogenic physiology,fluid exposure/balance and mortality or shock outcomes,sepsis/ICU presentation and early resuscitation period,10.1186/s12916-024-03715-2,39448976,PMC11520127,,https://doi.org/10.1186/s12916-024-03715-2,Crossref;Europe PMC;PubMed,2026-07-29T13:18:31+00:00,provisional_core25,,HF_sepsis_mixed_physiology,10,A-,verified_T1_dual,true,true,true,false
R050,Therapeutic Dilemmas in Mixed Septic-Cardiogenic Shock.,Urina Jassir D; Chaanine AH; Desai S; Rajapreyar I; Le Jemtel TH,2023,The American journal of medicine,English,guideline/consensus,adult heart failure with sepsis/septic shock or mixed septic-cardiogenic physiology,"short-term mortality, shock severity, or mixed septic-cardiogenic outcomes",sepsis/ICU presentation and early resuscitation period,10.1016/j.amjmed.2022.09.022,36252709,,,https://doi.org/10.1016/j.amjmed.2022.09.022,Crossref;Europe PMC;PubMed,2026-07-29T13:18:31+00:00,provisional_core25,,HF_sepsis_mixed_physiology,9,A,verified_T1_dual,true,true,false,false
R051,[Construction and Evaluation of a Risk Prediction Model for Septic Cardiomyopathy Based on MIMIC-Ⅳ Database].,Xiong B; Liu YZ; Zhang A,2024,Zhongguo yi xue ke xue yuan xue bao. Acta Academiae Medicinae Sinicae,Chinese,randomized trial/secondary analysis,adult heart failure with sepsis/septic shock or mixed septic-cardiogenic physiology,"short-term mortality, shock severity, or mixed septic-cardiogenic outcomes",sepsis/ICU presentation and early resuscitation period,10.3881/j.issn.1000-503x.16031,39502048,,,https://doi.org/10.3881/j.issn.1000-503x.16031,Europe PMC;Official journal site;PubMed,2026-07-29T13:18:31+00:00,title_abstract_included_reserve,,HF_sepsis_mixed_physiology,6,B,verified_pubmed_T1_official_journal,false,false,false,false
R052,[Heart rate control in patients with sepsis and septic cardiomyopathy: the role of Ivabradine].,Shen Z; Zhou Z; Fang H; Zhang Y; Wang L,2020,Zhonghua wei zhong bing ji jiu yi xue,Chinese,narrative/scoping review,adult heart failure with sepsis/septic shock or mixed septic-cardiogenic physiology,"short-term mortality, shock severity, or mixed septic-cardiogenic outcomes",sepsis/ICU presentation and early resuscitation period,10.3760/cma.j.cn121430-20200817-00629,33463505,,,https://doi.org/10.3760/cma.j.cn121430-20200817-00629,Chinese Medical Association journal gateway;Europe PMC;PubMed,2026-07-29T13:18:31+00:00,title_abstract_included_reserve,,HF_sepsis_mixed_physiology,6,B-,verified_pubmed_T1_official_journal,false,false,false,false
R053,[Sepsis-induced cardiomyopathy complicated with cardiogenic shock patients supported with extracorporeal membrane oxygenation].,Liu C; Zhu R; Zhou Z; Liu H; Lin J; Wen S; Zuo L,2017,Zhonghua wei zhong bing ji jiu yi xue,Chinese,narrative/scoping review,adult heart failure with sepsis/septic shock or mixed septic-cardiogenic physiology,"short-term mortality, shock severity, or mixed septic-cardiogenic outcomes",sepsis/ICU presentation and early resuscitation period,10.3760/cma.j.issn.2095-4352.2017.12.018,29216952,,,https://doi.org/10.3760/cma.j.issn.2095-4352.2017.12.018,Europe PMC;PubMed;Wanfang Medical,2026-07-29T13:18:31+00:00,title_abstract_included_reserve,,HF_sepsis_mixed_physiology,6,B-,verified_pubmed_T1_official_journal,false,false,false,false
R054,[Correlation between albumin combined with diuretic therapy and mortality risk in septic patients with pre-existing congestive heart failure].,Huang Q; Zou Z; Lin Y; Dong R; Chen Y; Gui S,2025,Zhonghua wei zhong bing ji jiu yi xue,Chinese,retrospective cohort,adult heart failure with sepsis/septic shock or mixed septic-cardiogenic physiology,"short-term mortality, shock severity, or mixed septic-cardiogenic outcomes",sepsis/ICU presentation and early resuscitation period,10.3760/cma.j.cn121430-20240812-00693,41331884,,,https://doi.org/10.3760/cma.j.cn121430-20240812-00693,Chinese Medical Association journal gateway;Europe PMC;PubMed,2026-07-29T13:18:31+00:00,title_abstract_included_reserve,,HF_sepsis_mixed_physiology,6,B,verified_pubmed_T1_official_journal,false,false,false,false
R055,Machine learning-based early warning system for hemodynamic deterioration in cardiovascular ICU patients: a bidirectional cross-validation study.,Gao S; Zhang Y; Deng M; Liu H; Xu W; Luo M; Tian Y; Zhang B,2025,Frontiers in cardiovascular medicine,English,retrospective cohort,adult ICU/cardiac or cardiovascular ICU cohorts,"hemodynamic/circulatory deterioration, shock, or short-term ICU outcome",repeated landmark/update times during hospitalization,10.3389/fcvm.2025.1694001,41647804,PMC12868282,,https://doi.org/10.3389/fcvm.2025.1694001,Crossref;Europe PMC;PubMed,2026-07-29T13:18:31+00:00,provisional_core25,,ICU_CICU_hemodynamic_deterioration,10,A-,verified_T1_dual,true,true,true,true
R056,Early prediction of circulatory failure in the intensive care unit using machine learning.,Hyland SL; Faltys M; Hüser M; Lyu X; Gumbsch T; Esteban C; Bock C; Horn M; Moor M; Rieck B; Zimmermann M; Bodenham D; Borgwardt K; Rätsch G; Merz TM,2020,Nature medicine,English,prediction-model study,adult ICU/cardiac or cardiovascular ICU cohorts,"hemodynamic/circulatory deterioration, shock, or short-term ICU outcome",ICU/CICU admission or continuously updated bedside window,10.1038/s41591-020-0789-4,32152583,,,https://doi.org/10.1038/s41591-020-0789-4,Crossref;Europe PMC;PubMed,2026-07-29T13:18:31+00:00,provisional_core25,,ICU_CICU_hemodynamic_deterioration,10,A-,verified_T1_dual,true,true,true,false
R057,MACHINE LEARNING FOR PREDICTING HEMODYNAMIC DETERIORATION OF PATIENTS WITH INTERMEDIATE-RISK PULMONARY EMBOLISM IN INTENSIVE CARE UNIT.,Xu J; Hu Z; Miao J; Cao L; Tian Z; Yao C; Kai H,2024,"Shock (Augusta, Ga.)",English,retrospective cohort,adult ICU patients with intermediate-risk pulmonary embolism (adjacent deterioration phenotype),"hemodynamic/circulatory deterioration, shock, or short-term ICU outcome",repeated landmark/update times during hospitalization,10.1097/shk.0000000000002261,38010031,,,https://doi.org/10.1097/shk.0000000000002261,Crossref;Europe PMC;PubMed,2026-07-29T13:18:31+00:00,title_abstract_included_reserve,,ICU_CICU_hemodynamic_deterioration,6,B,verified_T1_dual,false,false,false,false
R058,A Delphi Process to Identify Relevant Outcomes That May Be Associated With a Predictive Analytic Tool to Detect Hemodynamic Deterioration in the Intensive Care Unit.,Holder AL; Khanna AK; Scott MJ; Rossetti SC; Rinehart JB; Linn DD; Weichert J; Dellinger RP,2023,Cureus,English,prediction model development/validation,adult ICU/cardiac or cardiovascular ICU cohorts,"hemodynamic/circulatory deterioration, shock, or short-term ICU outcome",repeated landmark/update times during hospitalization,10.7759/cureus.50169,38186415,PMC10771798,,https://doi.org/10.7759/cureus.50169,Crossref;Europe PMC;PubMed,2026-07-29T13:18:31+00:00,provisional_core25,,ICU_CICU_hemodynamic_deterioration,9,A-,verified_T1_dual,true,true,false,false
R059,Validation of an Automatic Tagging System for Identifying Respiratory and Hemodynamic Deterioration Events in the Intensive Care Unit.,Jeddah D; Chen O; Lipsky AM; Forgacs A; Celniker G; Lilly CM; Pessach IM,2021,Healthcare informatics research,English,narrative/scoping review,adult ICU/cardiac or cardiovascular ICU cohorts,"hemodynamic/circulatory deterioration, shock, or short-term ICU outcome",repeated landmark/update times during hospitalization,10.4258/hir.2021.27.3.241,34384206,PMC8369051,,https://doi.org/10.4258/hir.2021.27.3.241,Crossref;Europe PMC;PubMed,2026-07-29T13:18:31+00:00,title_abstract_included_reserve,,ICU_CICU_hemodynamic_deterioration,6,B,verified_T1_dual,false,false,false,false
R060,Machine Learning Models for the Early Real-Time Prediction of Deterioration in Intensive Care Units-A Novel Approach to the Early Identification of High-Risk Patients.,Thiele D; Rodseth R; Friedland R; Berger F; Mathew C; Maslo C; Moll V; Leithner C; Storm C; Krannich A; Nee J,2025,Journal of clinical medicine,English,prediction model development/validation,adult ICU/cardiac or cardiovascular ICU cohorts,"hemodynamic/circulatory deterioration, shock, or short-term ICU outcome",repeated landmark/update times during hospitalization,10.3390/jcm14020350,39860355,PMC11766095,,https://doi.org/10.3390/jcm14020350,Crossref;Europe PMC;PubMed,2026-07-29T13:18:31+00:00,title_abstract_included_reserve,,ICU_CICU_hemodynamic_deterioration,6,B,verified_T1_dual,false,false,false,false
R061,Early dynamic prediction of organ system deterioration in intensive care unit (ICU) patients using machine learning,"Soley, Nidhi; Zhang, Siqi; Zong, Jiashan; Greenstein, Joseph; Taylor, Casey Overby; Ruchti, Timothy; Mendez-Tellez, Pedro Alejandro",2025,Journal of Critical Care,English,prediction-model study,adult ICU/cardiac or cardiovascular ICU cohorts,"hemodynamic/circulatory deterioration, shock, or short-term ICU outcome",repeated landmark/update times during hospitalization,10.1016/j.jcrc.2024.154954,,,,https://doi.org/10.1016/j.jcrc.2024.154954,Crossref,2026-07-29T13:18:31+00:00,title_abstract_included_reserve,,ICU_CICU_hemodynamic_deterioration,6,C+,verified_crossref_T1,false,false,false,false
R062,Early prediction of shock in intensive care unit patients by machine learning using discrete electronic health record data,"Jentzer, Jacob C.; Patel, Shrinath; Gajic, Ognjen; Herasevich, Vitaly; Lopez-Jimenez, Francisco; Murphree, Dennis H.; Patel, Parag C.; Kashani, Kianoush B.",2025,Journal of Critical Care,English,prediction model development/validation,adult ICU/cardiac or cardiovascular ICU cohorts,"hemodynamic/circulatory deterioration, shock, or short-term ICU outcome",ICU/CICU admission or continuously updated bedside window,10.1016/j.jcrc.2025.155093,40267550,,,https://doi.org/10.1016/j.jcrc.2025.155093,Crossref;Europe PMC;PubMed,2026-07-29T13:18:31+00:00,title_abstract_included_reserve,,ICU_CICU_hemodynamic_deterioration,6,B,verified_T1_dual,false,false,false,false
R063,Key Concepts in Machine Learning and Clinical Applications in the Cardiac Intensive Care Unit.,Sarma D; Rali AS; Jentzer JC,2025,Current cardiology reports,English,narrative/scoping review,adult ICU/cardiac or cardiovascular ICU cohorts,"hemodynamic/circulatory deterioration, shock, or short-term ICU outcome",ICU/CICU admission or continuously updated bedside window,10.1007/s11886-024-02149-9,39831916,,,https://doi.org/10.1007/s11886-024-02149-9,Crossref;Europe PMC;PubMed,2026-07-29T13:18:31+00:00,title_abstract_included_reserve,,ICU_CICU_hemodynamic_deterioration,6,B-,verified_T1_dual,false,false,false,false
R064,Machine learning score to predict in-hospital outcomes in patients hospitalized in cardiac intensive care unit.,"Weizman, Orianne; Hamzi, Kenza; Henry, Patrick; Schurtz, Guillaume; Hauguel-Moreau, Marie; Trimaille, Antonin; Bedossa, Marc; Dib, Jean Claude; Attou, Sabir; Boukertouta, Tanissia; Boccara, Franck; Pommier, Thibaut; Lim, Pascal; Bochaton, Thomas; Millischer, Damien; Merat, Benoit; Picard, Fabien; Grinberg, Nissim; Sulman, David; Pasdeloup, Bastien; El Ouahidi, Yassine; Gonçalves, Treçy; Vicaut, Eric; Dillinger, Jean-Guillaume; Toupin, Solenn; Pezel, Théo; Aboyans, Victor; Albert, Emeric; Albert, Franck; Alvain, Sean; Amri, Nabil; Andrieu, Stéphane; Attou, Sabir; Auvray, Simon; Azzakani, Sonia; Azencot, Ruben; Bedossa, Marc; Boccara, Franck; Boccara, Albert; Bochaton, Thomas; Bonnefoy-Cudraz, Eric; Bonnet, Guillaume; Bonnet, Guillaume; Bouali, Nabil; Bouchot, Océane; Bouleti, Claire; Boukertouta, Tanissia; Brette, Jean Baptiste; Canu, Marjorie; Chaib, Aures; Charbonnel, Clement; Chaussade, Anne Solene; Coppens, Alexandre; Cottin, Yves; Darmon, Arthur; De ANGELIS, Elena; Delmas, Clément; Delsarte, Laura; Deney, Antoine; Dib, Jean Claude; Dillinger, Jean-Guillaume; Docq, Clemence; Dupasquier, Valentin; Elbaz, Meyer; El Hadad, Antony; El Ouahidi, Amine; Ezzouhairi, Nacim; Fabre, Julien; Fard, Damien; Fauvel, Charles; Gerbaud, Édouard; Gilard, Martine; Goralski, Marc; Grinberg, Nissim; Grentzinger, Alain; Hauguel-Moreau, Marie; Henry, Patrick; Huet, Fabien; Landemaine, Thomas; Lattuca, Benoit; Lemarchand, Léo; Levasseur, Thomas; Lim, Pascal; Maitre Ballesteros, Laura; Mansencal, Nicolas; Marie, Benjamin; Martinez, David; Merat, Benoit; Meune, Christophe; Millischer, Damien; Moine, Thomas; Nhan, Pascal; Noirclerc, Nathalie; Ohlmann, Patrick; Pezel, Théo; Picard, Fabien; Piliero, Nicolas; Pommier, Thibaut; Puymirat, Etienne; Ramonatxo, Arthur; Rossanaly Vasram, Reza; Roubille, François; Roule, Vincent; Schurtz, Guillaume; Stevenard, Mathilde; Sulman, David; Swedsky, Fédérico; Tea, Victoria; Thevenet, Eugénie; Thuaire, Christophe; Trimaille, Antonin; Tron, Christophe; Viboud, Guillaume; Yomi, Dominique; Zakine, Cyril",2025,European heart journal. Digital health,English,prospective cohort,adult ICU/cardiac or cardiovascular ICU cohorts,"hemodynamic/circulatory deterioration, shock, or short-term ICU outcome",ICU/CICU admission or continuously updated bedside window,10.1093/ehjdh/ztae098,40110223,PMC11914730,,https://doi.org/10.1093/ehjdh/ztae098,Crossref;Europe PMC;PubMed,2026-07-29T13:18:31+00:00,title_abstract_included_reserve,,ICU_CICU_hemodynamic_deterioration,6,B,verified_T1_dual,false,false,false,false
R065,First 24-h Sardjito Cardiovascular Intensive Care (SCIENCE) admission risk score to predict mortality in cardiovascular intensive care unit (CICU).,Bagaswoto HP; Ardelia YP; Setianto BY,2022,Indian heart journal,English,retrospective cohort,adult ICU/cardiac or cardiovascular ICU cohorts,"hemodynamic/circulatory deterioration, shock, or short-term ICU outcome",first 24 h after ICU admission,10.1016/j.ihj.2022.11.002,36370802,PMC9773286,,https://doi.org/10.1016/j.ihj.2022.11.002,Crossref;Europe PMC;PubMed,2026-07-29T13:18:31+00:00,title_abstract_included_reserve,,ICU_CICU_hemodynamic_deterioration,6,B,verified_T1_dual,false,false,false,false
R066,Mortality Prediction in Cardiac Intensive Care Unit Patients: A Systematic Review of Existing and Artificial Intelligence Augmented Approaches.,Rafie N; Jentzer JC; Noseworthy PA; Kashou AH,2022,Frontiers in artificial intelligence,English,systematic review,adult ICU/cardiac or cardiovascular ICU cohorts,"hemodynamic/circulatory deterioration, shock, or short-term ICU outcome",ICU/CICU admission or continuously updated bedside window,10.3389/frai.2022.876007,35711617,PMC9193583,,https://doi.org/10.3389/frai.2022.876007,Crossref;Europe PMC;PubMed,2026-07-29T13:18:31+00:00,title_abstract_included_reserve,,ICU_CICU_hemodynamic_deterioration,6,A,verified_T1_dual,false,false,false,false
R067,Machine learning-based in-hospital mortality risk prediction tool for intensive care unit patients with heart failure.,Chen Z; Li T; Guo S; Zeng D; Wang K,2023,Frontiers in cardiovascular medicine,English,guideline/consensus,adult ICU/cardiac or cardiovascular ICU cohorts,"hemodynamic/circulatory deterioration, shock, or short-term ICU outcome",ICU/CICU admission or continuously updated bedside window,10.3389/fcvm.2023.1119699,37077747,PMC10106627,,https://doi.org/10.3389/fcvm.2023.1119699,Crossref;Europe PMC;PubMed,2026-07-29T13:18:31+00:00,title_abstract_included_reserve,,ICU_CICU_hemodynamic_deterioration,6,A,verified_T1_dual,false,false,false,false
R068,Validation of the inadequate delivery of oxygen index in an adult cardiovascular intensive care unit.,Holman H; Baronov D; McMurray J; Kilic A; Katz M; Zeigler S,2024,JTCVS open,English,prospective cohort,adult ICU/cardiac or cardiovascular ICU cohorts,"hemodynamic/circulatory deterioration, shock, or short-term ICU outcome",ICU/CICU admission or continuously updated bedside window,10.1016/j.xjon.2024.09.006,39780782,PMC11704597,,https://doi.org/10.1016/j.xjon.2024.09.006,Crossref;Europe PMC;PubMed,2026-07-29T13:18:31+00:00,title_abstract_included_reserve,,ICU_CICU_hemodynamic_deterioration,6,B,verified_T1_dual,false,false,false,false
R069,S(pO(2)) /F(IO(2)) on Presentation as a Predictor for Early Hemodynamic Deterioration in Intermediate Risk Acute Pulmonary Embolism.,Domaradzki L; Ghahramani M; Rogers R; Ruzieh M; Wilson R; Van de Louw A,2019,Respiratory care,English,narrative/scoping review,adult ICU patients with intermediate-risk pulmonary embolism (adjacent deterioration phenotype),"hemodynamic/circulatory deterioration, shock, or short-term ICU outcome",repeated landmark/update times during hospitalization,10.4187/respcare.06797,31064801,,,https://doi.org/10.4187/respcare.06797,Crossref;Europe PMC;PubMed,2026-07-29T13:18:31+00:00,title_abstract_included_reserve,,ICU_CICU_hemodynamic_deterioration,6,B-,verified_T1_dual,false,false,false,false
R070,Validation of cardiogenic shock phenotypes in a mixed cardiac intensive care unit population.,Jentzer JC; Soussi S; Lawler PR; Kennedy JN; Kashani KB,2022,Catheterization and cardiovascular interventions : official journal of the Society for Cardiac Angiography & Interventions,English,prediction-model study,adult ICU/cardiac or cardiovascular ICU cohorts,"hemodynamic/circulatory deterioration, shock, or short-term ICU outcome",ICU/CICU admission or continuously updated bedside window,10.1002/ccd.30103,35077592,,,https://doi.org/10.1002/ccd.30103,Crossref;Europe PMC;PubMed,2026-07-29T13:18:31+00:00,title_abstract_included_reserve,,ICU_CICU_hemodynamic_deterioration,6,B,verified_T1_dual,false,false,false,false
R071,Using the landmark method for creating prediction models in large datasets derived from electronic health records,"Wells, Brian J.; Chagin, Kevin M.; Li, Liang; Hu, Bo; Yu, Changhong; Kattan, Michael W.",2015,Health Care Management Science,English,prediction model development/validation,longitudinal EHR/ICU cohorts or prediction-methodology examples,dynamic clinical deterioration/event prediction and leakage-safe longitudinal modeling,explicit/repeated landmark using only information available by prediction time,10.1007/s10729-014-9281-3,24752545,,,https://doi.org/10.1007/s10729-014-9281-3,Crossref;Europe PMC;PubMed,2026-07-29T13:18:31+00:00,provisional_core25,,landmark_dynamic_EHR_leakage,10,A-,verified_T1_dual,true,true,true,false
R072,Dynamic prediction of life-threatening events for patients in intensive care unit.,Hu J; Kang XH; Xu FF; Huang KZ; Du B; Weng L,2022,BMC medical informatics and decision making,English,prediction-model study,longitudinal EHR/ICU cohorts or prediction-methodology examples,dynamic clinical deterioration/event prediction and leakage-safe longitudinal modeling,repeated landmark/update times during hospitalization,10.1186/s12911-022-02026-x,36273130,PMC9587604,,https://doi.org/10.1186/s12911-022-02026-x,Crossref;Europe PMC;PubMed,2026-07-29T13:18:31+00:00,fulltext40_priority,,landmark_dynamic_EHR_leakage,8,C+,verified_T1_dual,false,true,false,false
R073,Early prediction of clinical deterioration using data-driven machine-learning modeling of electronic health records.,Ruiz VM; Goldsmith MP; Shi L; Simpao AF; Gálvez JA; Naim MY; Nadkarni V; Gaynor JW; Tsui FR,2022,The Journal of thoracic and cardiovascular surgery,English,retrospective cohort,longitudinal EHR/ICU cohorts or prediction-methodology examples,dynamic clinical deterioration/event prediction and leakage-safe longitudinal modeling,explicit/repeated landmark using only information available by prediction time,10.1016/j.jtcvs.2021.10.060,34949457,,,https://doi.org/10.1016/j.jtcvs.2021.10.060,Crossref;Europe PMC;PubMed,2026-07-29T13:18:31+00:00,title_abstract_included_reserve,,landmark_dynamic_EHR_leakage,6,B,verified_T1_dual,false,false,false,false
R074,Dynamic Prediction of Patient Outcomes in the Intensive Care Unit: A Scoping Review of the State-of-the-Art,"Lapp, Linda; Roper, Marc; Kavanagh, Kimberley; Bouamrane, Matt-Mouley; Schraag, Stefan",2023,Journal of Intensive Care Medicine,English,systematic review,longitudinal EHR/ICU cohorts or prediction-methodology examples,dynamic clinical deterioration/event prediction and leakage-safe longitudinal modeling,repeated landmark/update times during hospitalization,10.1177/08850666231166349,37016893,PMC10302367,,https://doi.org/10.1177/08850666231166349,Crossref;Europe PMC;PubMed,2026-07-29T13:18:31+00:00,title_abstract_included_reserve,,landmark_dynamic_EHR_leakage,6,A,verified_T1_dual,false,false,false,false
R075,Development of a dynamic prediction model for unplanned ICU admission and mortality in hospitalized patients.,Placido D; Thorsen-Meyer HC; Kaas-Hansen BS; Reguant R; Brunak S,2023,PLOS digital health,English,prediction model development/validation,longitudinal EHR/ICU cohorts or prediction-methodology examples,dynamic clinical deterioration/event prediction and leakage-safe longitudinal modeling,repeated landmark/update times during hospitalization,10.1371/journal.pdig.0000116,37294826,PMC10256150,,https://doi.org/10.1371/journal.pdig.0000116,Crossref;Europe PMC;PubMed,2026-07-29T13:18:31+00:00,title_abstract_included_reserve,,landmark_dynamic_EHR_leakage,6,B,verified_T1_dual,false,false,false,false
R076,Generalizable calibrated machine learning models for real-time atrial fibrillation risk prediction in ICU patients.,Verhaeghe J; De Corte T; Sauer CM; Hendriks T; Thijssens OWM; Ongenae F; Elbers P; De Waele J; Van Hoecke S,2023,International journal of medical informatics,English,prediction model development/validation,longitudinal EHR/ICU cohorts or prediction-methodology examples,dynamic clinical deterioration/event prediction and leakage-safe longitudinal modeling,repeated landmark/update times during hospitalization,10.1016/j.ijmedinf.2023.105086,37148868,,,https://doi.org/10.1016/j.ijmedinf.2023.105086,Crossref;Europe PMC;PubMed,2026-07-29T13:18:31+00:00,title_abstract_included_reserve,,landmark_dynamic_EHR_leakage,6,B,verified_T1_dual,false,false,false,false
R077,Development and Validation of Machine Learning Models for Real-Time Mortality Prediction in Critically Ill Patients With Sepsis-Associated Acute Kidney Injury.,Luo XQ; Yan P; Duan SB; Kang YX; Deng YH; Liu Q; Wu T; Wu X,2022,Frontiers in medicine,English,retrospective cohort,longitudinal EHR/ICU cohorts or prediction-methodology examples,dynamic clinical deterioration/event prediction and leakage-safe longitudinal modeling,repeated landmark/update times during hospitalization,10.3389/fmed.2022.853102,35783603,PMC9240603,,https://doi.org/10.3389/fmed.2022.853102,Crossref;Europe PMC;PubMed,2026-07-29T13:18:31+00:00,title_abstract_included_reserve,,landmark_dynamic_EHR_leakage,6,B,verified_T1_dual,false,false,false,false
R078,A Machine-Learning Approach for Dynamic Prediction of Sepsis-Induced Coagulopathy in Critically Ill Patients With Sepsis.,Zhao QY; Liu LP; Luo JC; Luo YW; Wang H; Zhang YJ; Gui R; Tu GW; Luo Z,2020,Frontiers in medicine,English,prediction model development/validation,longitudinal EHR/ICU cohorts or prediction-methodology examples,dynamic clinical deterioration/event prediction and leakage-safe longitudinal modeling,repeated landmark/update times during hospitalization,10.3389/fmed.2020.637434,33553224,PMC7859637,,https://doi.org/10.3389/fmed.2020.637434,Crossref;Europe PMC;PubMed,2026-07-29T13:18:31+00:00,title_abstract_included_reserve,,landmark_dynamic_EHR_leakage,6,B,verified_T1_dual,false,false,false,false
R079,Development and Validation of a Dynamic Real-Time Risk Prediction Model for Intensive Care Units Patients Based on Longitudinal Irregular Data: Multicenter Retrospective Study.,Zheng Z; Luo J; Zhu Y; Du L; Lan L; Zhou X; Yang X; Huang S,2025,Journal of medical Internet research,English,prospective cohort,longitudinal EHR/ICU cohorts or prediction-methodology examples,dynamic clinical deterioration/event prediction and leakage-safe longitudinal modeling,repeated landmark/update times during hospitalization,10.2196/69293,40266658,PMC12059492,,https://doi.org/10.2196/69293,Crossref;Europe PMC;PubMed,2026-07-29T13:18:31+00:00,title_abstract_included_reserve,,landmark_dynamic_EHR_leakage,6,B,verified_T1_dual,false,false,false,false
R080,Unlocking the potential of real-time ICU mortality prediction: redefining risk assessment with continuous data recovery.,Xie P; Hu Y; Li J; Ma Y; Xiao J,2025,NPJ digital medicine,English,prediction model development/validation,longitudinal EHR/ICU cohorts or prediction-methodology examples,dynamic clinical deterioration/event prediction and leakage-safe longitudinal modeling,repeated landmark/update times during hospitalization,10.1038/s41746-025-02114-y,41315868,PMC12663134,,https://doi.org/10.1038/s41746-025-02114-y,Crossref;Europe PMC;PubMed,2026-07-29T13:18:31+00:00,title_abstract_included_reserve,,landmark_dynamic_EHR_leakage,6,B,verified_T1_dual,false,false,false,false
R081,Leakage and the reproducibility crisis in machine-learning-based science,"Kapoor, Sayash; Narayanan, Arvind",2023,Patterns,English,methodological study,longitudinal EHR/ICU cohorts or prediction-methodology examples,dynamic clinical deterioration/event prediction and leakage-safe longitudinal modeling,explicit/repeated landmark using only information available by prediction time,10.1016/j.patter.2023.100804,37720327,PMC10499856,,https://doi.org/10.1016/j.patter.2023.100804,Crossref;Europe PMC;PubMed,2026-07-29T13:18:31+00:00,provisional_core25,,landmark_dynamic_EHR_leakage,9,A-,verified_T1_dual,true,true,false,false
R082,Dynamic Prediction by Landmarking in Event History Analysis,"VAN HOUWELINGEN, HANS C.",2007,Scandinavian Journal of Statistics,English,prediction-model study,longitudinal EHR/ICU cohorts or prediction-methodology examples,dynamic clinical deterioration/event prediction and leakage-safe longitudinal modeling,repeated landmark/update times during hospitalization,10.1111/j.1467-9469.2006.00529.x,,,,https://doi.org/10.1111/j.1467-9469.2006.00529.x,Crossref,2026-07-29T13:18:31+00:00,title_abstract_included_reserve,,landmark_dynamic_EHR_leakage,6,C+,verified_crossref_T1,false,false,false,false
R083,TRIPOD+AI statement: updated guidance for reporting clinical prediction models that use regression or machine learning methods.,Collins GS; Moons KGM; Dhiman P; Riley RD; Beam AL; Van Calster B; Ghassemi M; Liu X; Reitsma JB; van Smeden M; Boulesteix AL; Camaradou JC; Celi LA; Denaxas S; Denniston AK; Glocker B; Golub RM; Harvey H; Heinze G; Hoffman MM; Kengne AP; Lam E; Lee N; Loder EW; Maier-Hein L; Mateen BA; McCradden MD; Oakden-Rayner L; Ordish J; Parnell R; Rose S; Singh K; Wynants L; Logullo P,2024,BMJ (Clinical research ed.),English,reporting guideline,clinical prediction model studies (methodological/reporting domain),"reporting quality, risk of bias, calibration, or external-validation validity",not applicable—methodological/reporting source,10.1136/bmj-2023-078378,38626948,PMC11019967,,https://doi.org/10.1136/bmj-2023-078378,Crossref;Europe PMC;PubMed,2026-07-29T13:18:31+00:00,provisional_core25,,reporting_bias_calibration_validation,10,A,verified_T1_dual,true,true,true,true
R084,"PROBAST+AI: an updated quality, risk of bias, and applicability assessment tool for prediction models using regression or artificial intelligence methods","Moons, Karel G M; Damen, Johanna A A; Kaul, Tabea; Hooft, Lotty; Andaur Navarro, Constanza; Dhiman, Paula; Beam, Andrew L; Van Calster, Ben; Celi, Leo Anthony; Denaxas, Spiros; Denniston, Alastair K; Ghassemi, Marzyeh; Heinze, Georg; Kengne, André Pascal; Maier-Hein, Lena; Liu, Xiaoxuan; Logullo, Patricia; McCradden, Melissa D; Liu, Nan; Oakden-Rayner, Lauren; Singh, Karandeep; Ting, Daniel S; Wynants, Laure; Yang, Bada; Reitsma, Johannes B; Riley, Richard D; Collins, Gary S; van Smeden, Maarten",2025,BMJ,English,risk-of-bias tool/methodology,clinical prediction model studies (methodological/reporting domain),"reporting quality, risk of bias, calibration, or external-validation validity",not applicable—methodological/reporting source,10.1136/bmj-2024-082505,40127903,PMC11931409,,https://doi.org/10.1136/bmj-2024-082505,Crossref;Europe PMC;PubMed,2026-07-29T13:18:31+00:00,provisional_core25,,reporting_bias_calibration_validation,10,A,verified_T1_dual,true,true,true,true
R085,Transparent reporting of a multivariable prediction model for individual prognosis or diagnosis (TRIPOD): the TRIPOD statement.,Collins GS; Reitsma JB; Altman DG; Moons KG,2015,BMJ (Clinical research ed.),English,narrative/scoping review,clinical prediction model studies (methodological/reporting domain),"reporting quality, risk of bias, calibration, or external-validation validity",not applicable—methodological/reporting source,10.1136/bmj.g7594,25569120,,,https://doi.org/10.1136/bmj.g7594,Crossref;Europe PMC;PubMed,2026-07-29T13:18:31+00:00,title_abstract_included_reserve,,reporting_bias_calibration_validation,6,B,verified_T1_dual,false,false,false,false
R086,Transparent Reporting of a multivariable prediction model for Individual Prognosis or Diagnosis (TRIPOD): explanation and elaboration.,Moons KG; Altman DG; Reitsma JB; Ioannidis JP; Macaskill P; Steyerberg EW; Vickers AJ; Ransohoff DF; Collins GS,2015,Annals of internal medicine,English,systematic review,clinical prediction model studies (methodological/reporting domain),"reporting quality, risk of bias, calibration, or external-validation validity",not applicable—methodological/reporting source,10.7326/m14-0698,25560730,,,https://doi.org/10.7326/m14-0698,Crossref;Europe PMC;PubMed,2026-07-29T13:18:31+00:00,title_abstract_included_reserve,,reporting_bias_calibration_validation,6,A,verified_T1_dual,false,false,false,false
R087,PROBAST: A Tool to Assess the Risk of Bias and Applicability of Prediction Model Studies.,Wolff RF; Moons KGM; Riley RD; Whiting PF; Westwood M; Collins GS; Reitsma JB; Kleijnen J; Mallett S; PROBAST Group†,2019,Annals of internal medicine,English,systematic review,clinical prediction model studies (methodological/reporting domain),"reporting quality, risk of bias, calibration, or external-validation validity",not applicable—methodological/reporting source,10.7326/m18-1376,30596875,,,https://doi.org/10.7326/m18-1376,Crossref;Europe PMC;PubMed,2026-07-29T13:18:31+00:00,title_abstract_included_reserve,,reporting_bias_calibration_validation,6,A,verified_T1_dual,false,false,false,false
R088,PROBAST: A Tool to Assess Risk of Bias and Applicability of Prediction Model Studies: Explanation and Elaboration.,Moons KGM; Wolff RF; Riley RD; Whiting PF; Westwood M; Collins GS; Reitsma JB; Kleijnen J; Mallett S,2019,Annals of internal medicine,English,systematic review,clinical prediction model studies (methodological/reporting domain),"reporting quality, risk of bias, calibration, or external-validation validity",not applicable—methodological/reporting source,10.7326/m18-1377,30596876,,,https://doi.org/10.7326/m18-1377,Crossref;Europe PMC;PubMed,2026-07-29T13:18:31+00:00,title_abstract_included_reserve,,reporting_bias_calibration_validation,6,A,verified_T1_dual,false,false,false,false
R089,Minimum sample size for external validation of a clinical prediction model with a binary outcome.,Riley RD; Debray TPA; Collins GS; Archer L; Ensor J; van Smeden M; Snell KIE,2021,Statistics in medicine,English,prediction model development/validation,clinical prediction model studies (methodological/reporting domain),"reporting quality, risk of bias, calibration, or external-validation validity",not applicable—methodological/reporting source,10.1002/sim.9025,34031906,,,https://doi.org/10.1002/sim.9025,Crossref;Europe PMC;PubMed,2026-07-29T13:18:31+00:00,fulltext40_priority,,reporting_bias_calibration_validation,8,A-,verified_T1_dual,false,true,false,false
R090,Evaluation of clinical prediction models (part 3): calculating the sample size required for an external validation study.,Riley RD; Snell KIE; Archer L; Ensor J; Debray TPA; van Calster B; van Smeden M; Collins GS,2024,BMJ (Clinical research ed.),English,prediction model development/validation,clinical prediction model studies (methodological/reporting domain),"reporting quality, risk of bias, calibration, or external-validation validity",not applicable—methodological/reporting source,10.1136/bmj-2023-074821,38253388,PMC11778934,,https://doi.org/10.1136/bmj-2023-074821,Crossref;Europe PMC;PubMed,2026-07-29T13:18:31+00:00,title_abstract_included_reserve,,reporting_bias_calibration_validation,6,A-,verified_T1_dual,false,false,false,false
R091,External validation of clinical prediction models: simulation-based sample size calculations were more reliable than rules-of-thumb.,Snell KIE; Archer L; Ensor J; Bonnett LJ; Debray TPA; Phillips B; Collins GS; Riley RD,2021,Journal of clinical epidemiology,English,prediction model development/validation,clinical prediction model studies (methodological/reporting domain),"reporting quality, risk of bias, calibration, or external-validation validity",not applicable—methodological/reporting source,10.1016/j.jclinepi.2021.02.011,33596458,PMC8352630,,https://doi.org/10.1016/j.jclinepi.2021.02.011,Crossref;Europe PMC;PubMed,2026-07-29T13:18:31+00:00,title_abstract_included_reserve,,reporting_bias_calibration_validation,6,A-,verified_T1_dual,false,false,false,false
R092,External validation of multivariable prediction models: a systematic review of methodological conduct and reporting.,Collins GS; de Groot JA; Dutton S; Omar O; Shanyinde M; Tajar A; Voysey M; Wharton R; Yu LM; Moons KG; Altman DG,2014,BMC medical research methodology,English,systematic review,clinical prediction model studies (methodological/reporting domain),"reporting quality, risk of bias, calibration, or external-validation validity",not applicable—methodological/reporting source,10.1186/1471-2288-14-40,24645774,PMC3999945,,https://doi.org/10.1186/1471-2288-14-40,Crossref;Europe PMC;PubMed,2026-07-29T13:18:31+00:00,title_abstract_included_reserve,,reporting_bias_calibration_validation,6,A,verified_T1_dual,false,false,false,false
R093,Calibration: the Achilles heel of predictive analytics.,Van Calster B; McLernon DJ; van Smeden M; Wynants L; Steyerberg EW; Topic Group ‘Evaluating diagnostic tests and prediction models’ of the STRATOS initiative,2019,BMC medicine,English,prediction model development/validation,clinical prediction model studies (methodological/reporting domain),"reporting quality, risk of bias, calibration, or external-validation validity",not applicable—methodological/reporting source,10.1186/s12916-019-1466-7,31842878,PMC6912996,,https://doi.org/10.1186/s12916-019-1466-7,Crossref;Europe PMC;PubMed,2026-07-29T13:18:31+00:00,fulltext40_priority,,reporting_bias_calibration_validation,8,B,verified_T1_dual,false,true,false,false
R094,A calibration hierarchy for risk models was defined: from utopia to empirical data,"Van Calster, Ben; Nieboer, Daan; Vergouwe, Yvonne; De Cock, Bavo; Pencina, Michael J.; Steyerberg, Ewout W.",2016,Journal of Clinical Epidemiology,English,prediction model development/validation,clinical prediction model studies (methodological/reporting domain),"reporting quality, risk of bias, calibration, or external-validation validity",not applicable—methodological/reporting source,10.1016/j.jclinepi.2015.12.005,26772608,,,https://doi.org/10.1016/j.jclinepi.2015.12.005,Crossref;Europe PMC;PubMed,2026-07-29T13:18:31+00:00,title_abstract_included_reserve,,reporting_bias_calibration_validation,6,B,verified_T1_dual,false,false,false,false
R095,"MIMIC-IV, a freely accessible electronic health record dataset","Johnson, Alistair E. W.; Bulgarelli, Lucas; Shen, Lu; Gayles, Alvin; Shammout, Ayad; Horng, Steven; Pollard, Tom J.; Hao, Sicheng; Moody, Benjamin; Gow, Brian; Lehman, Li-wei H.; Celi, Leo A.; Mark, Roger G.",2023,Scientific Data,English,clinical observational/methodological article,"MIMIC and/or multicenter ICU cohorts, including cross-country external validation examples","model generalizability, transportability, dataset shift, or external validation",development-dataset index time and independent external-validation index time,10.1038/s41597-022-01899-x,36596836,PMC9810617,,https://doi.org/10.1038/s41597-022-01899-x,Crossref;Europe PMC;PubMed,2026-07-29T13:18:31+00:00,fulltext40_priority,,MIMIC_external_transportability_China,8,B-,verified_T1_dual,false,true,false,false
R096,"Peeking into a black box, the fairness and generalizability of a MIMIC-III benchmarking model.",Röösli E; Bozkurt S; Hernandez-Boussard T,2022,Scientific data,English,prediction model development/validation,"MIMIC and/or multicenter ICU cohorts, including cross-country external validation examples","model generalizability, transportability, dataset shift, or external validation",development-dataset index time and independent external-validation index time,10.1038/s41597-021-01110-7,35075160,PMC8786878,,https://doi.org/10.1038/s41597-021-01110-7,Crossref;Europe PMC;PubMed,2026-07-29T13:18:31+00:00,title_abstract_included_reserve,,MIMIC_external_transportability_China,6,B,verified_T1_dual,false,false,false,false
R097,Transportability of bacterial infection prediction models for critically ill patients.,Eickelberg G; Sanchez-Pinto LN; Kline AS; Luo Y,2023,Journal of the American Medical Informatics Association : JAMIA,English,prediction model development/validation,"MIMIC and/or multicenter ICU cohorts, including cross-country external validation examples","model generalizability, transportability, dataset shift, or external validation",development-dataset index time and independent external-validation index time,10.1093/jamia/ocad174,37647884,PMC10746321,,https://doi.org/10.1093/jamia/ocad174,Crossref;Europe PMC;PubMed,2026-07-29T13:18:31+00:00,title_abstract_included_reserve,,MIMIC_external_transportability_China,6,B,verified_T1_dual,false,false,false,false
R098,Transferability and interpretability of the sepsis prediction models in the intensive care unit.,Chen Q; Li R; Lin C; Lai C; Chen D; Qu H; Huang Y; Lu W; Tang Y; Li L,2022,BMC medical informatics and decision making,English,retrospective cohort,"MIMIC and/or multicenter ICU cohorts, including cross-country external validation examples","model generalizability, transportability, dataset shift, or external validation",development-dataset index time and independent external-validation index time,10.1186/s12911-022-02090-3,36581881,PMC9798724,,https://doi.org/10.1186/s12911-022-02090-3,Crossref;Europe PMC;PubMed,2026-07-29T13:18:31+00:00,title_abstract_included_reserve,,MIMIC_external_transportability_China,6,B,verified_T1_dual,false,false,false,false
R099,Development and external validation of a machine learning model for predicting in-hospital mortality in ICU patients with diabetic kidney disease: a study utilizing the MIMIC database and a Chinese cohort.,Han Y; Mao R; Xiong C; Wang Y; Li L; Wang H,2026,Frontiers in endocrinology,English,retrospective cohort,"MIMIC and/or multicenter ICU cohorts, including cross-country external validation examples","model generalizability, transportability, dataset shift, or external validation",development-dataset index time and independent external-validation index time,10.3389/fendo.2026.1699647,41837124,PMC12982039,,https://doi.org/10.3389/fendo.2026.1699647,Crossref;Europe PMC;PubMed,2026-07-29T13:18:31+00:00,title_abstract_included_reserve,,MIMIC_external_transportability_China,6,A-,verified_T1_dual,false,false,false,false
R100,Development and validation of a machine learning model to predict 30-day mortality in ischemic stroke patients with consciousness impairment: Insights from MIMIC-IV database and multicenter ICU data in China.,Cheng Y; Guo Y; Zhao Y; Wang C; Zhao X; Yu Q; Huang J; Zhang Y; Zhang J; Liu X; Cai P; Zhang C; Wu B; Guo Y,2026,International journal of medical informatics,English,prediction model development/validation,"MIMIC and/or multicenter ICU cohorts, including cross-country external validation examples","model generalizability, transportability, dataset shift, or external validation",development-dataset index time and independent external-validation index time,10.1016/j.ijmedinf.2025.106203,41297432,,,https://doi.org/10.1016/j.ijmedinf.2025.106203,Crossref;Europe PMC;PubMed,2026-07-29T13:18:31+00:00,title_abstract_included_reserve,,MIMIC_external_transportability_China,6,B,verified_T1_dual,false,false,false,false
